{"cameraMode":{"drawMode":0,"name":"Shaded","section":"Shading Mode"},"sceneLighting":true,"audioPlay":false,"sceneViewState":{"m_AlwaysRefresh":false,"showFog":true,"showSkybox":true,"showFlares":true,"showImageEffects":true,"showParticleSystems":true,"showVisualEffectGraphs":true,"m_FxEnabled":true},"in2DMode":false,"pivot":{"x":-4.600399494171143,"y":0.7530995607376099,"z":0.8556580543518066},"rotation":{"x":0.08365324139595032,"y":0.885595440864563,"z":-0.42159780859947207,"w":0.1757807731628418},"size":3.9560177326202394,"orthographic":false}